<Document xmlns="urn:iso:std:iso::20022:tech:xsd:pain.001.001.03">
  <CstmrCdtTrfInitn>
    <GrpHdr>
      <MsgId>NAMAKU</MsgId>
      <CreDtTm>2024-07-23T06:40:17</CreDtTm>
      <NbOfTxs>14</NbOfTxs>
      <InitgPty/>
    </GrpHdr>
    <PmtInf>
      <PmtInfId>2365465</PmtInfId>
      <PmtMtd>TRF</PmtMtd>
      <RewdExctnDt>2024-07-23</RewdExctnDt>
      <Dbtr/>
      <DbtrAcct>
        <Id>
          <Othr>
            <Id>546s5df65465sdf</Id>
          </Othr>
        </Id>
        
      </DbtrAcct>
    </PmtInf>
  </CstmrCdtTrfInitn>
</Document>